1	"1-A"		"CT233"	"TG301"	"TG24"		
1	"1-B"	"TG301"	"TG24"	"TG24"	"CD15"		
1	"1-C"	"TG24"	"CD15"	"CD15"	"TG80"		
1	"1-D"	"CD15"	"TG80"	"TG71"	"TG460"		"blank spaces indicate unknown,"
1	"1-E"	"TG71"	"TG460"	"CT191"	"TG295"		"at chromosome ends"
1	"1-F"	"CT191"	"TG295"	"TG295"	"TG326"		
1	"1-G"	"TG295"	"TG326"	"TG237"	"TG528"		
1	"1-H"	"TG237"	"TG528"	"CAB10B"	"TG17"		
1	"1-I"	"CAB10B"	"TG17"	"TG476"	"TG258"		
1	"1-J"	"TG476"	"TG258"	"TG27"			
1	"IL1-1-2"		"CT233"	"TG301"	"TG24"		
1	"IL1-1-3"		"CT233"	"TG24"	"CD15"		
1	"IL1-1"		"CT233"	"TG71"	"TG460"		
1	"IL1-2"	"CD15"	"TG80"	"TG295"	"TG326"		
1	"IL1-3"	"CT191"	"TG295"	"CAB10B"	"TG17"		
1	"IL1-4"	"TG237"	"TG528"	"TG27"			
1	"IL1-4-18"	"TG476"	"TG258"	"TG27"			
2	"2-A"		"TG304"	"TG33"	"TG31"		
2	"2-B"	"TG33"	"TG31"	"CT106A"	"CT205"		
2	"2-C"	"CT106A"	"CT205"	"CT205"	"CT140"		
2	"2-D"	"CT205"	"CT140"	"CT176"	"CT196"		
2	"2-E"	"CT176"	"CT196"	"CT196"	"CT255"		
2	"2-F"	"CT196"	"CT255"	"TG554"	"TG145"		
2	"2-G"	"TG554"	"TG145"	"TG195"	"TG353"		
2	"2-H"	"TG195"	"TG353"	"TG353"	"TG493"		
2	"2-I"	"TG353"	"TG493"	"TG463"	"CT232"		
2	"2-J"	"TG463"	"CT232"	"TG492"	"CD66"		
2	"2-K"	"TG492"	"CD66"	"CT59"	"TG141A"		
2	"2-L"	"CT59"	"TG141A"	"TG154"			
2	"IL2-1-1"		"TG304"	"TG33"	"TG31"		
2	"IL2-1"		"TG304"	"CT205"	"CT140"		
2	"IL2-2"	"CT106A"	"CT205"	"CT196"	"CT255"		
2	"IL2-3"	"CT176"	"CT196"	"TG353"	"TG493"		
2	"IL2-4"	"TG554"	"TG145"	"TG463"	"CT232"		
2	"IL2-5"	"TG195"	"TG353"	"CT59"	"TG141A"		
2	"IL2-6"	"TG492"	"CD66"	"TG154"			
2	"IL2-6-5"	"CT59"	"TG141A"	"TG154"			
3	"3-A"		"TG479"	"TG585"	"TG517"		
3	"3-B"	"TG585"	"TG517"	"TG517"	"TG130"		
3	"3-C"	"TG517"	"TG130"	"CP116A"	"CT110C"		
3	"3-D"	"CP116A"	"CT110C"	"CT90A"	"TG129"		
3	"3-E"	"CT90A"	"TG129"	"TG129"	"TG599"		
3	"3-F"	"TG129"	"TG599"	"TG242"	"TG377"		
3	"3-G"	"TG242"	"TG377"	"TG377"	"CD4A"		
3	"3-H"	"TG377"	"CD4A"	"CT243"	"TG411"		
3	"3-I"	"CT243"	"TG411"	"TG244"			
3	"IL3-1"		"TG479"	"TG517"	"TG130"		
3	"IL3-2"	"TG585"	"TG517"	"CT90A"	"TG129"		
3	"IL3-3"	"CP116A"	"CT110C"	"TG242"	"TG377"		
3	"IL3-4"	"TG129"	"TG599"	"CT243"	"TG411"		
3	"IL3-5"	"TG377"	"CD4A"	"TG244"			
4	"4-A"		"GP180"	"GP180"	"GP180"		
4	"4-B"	"GP180"	"GP180"	"TG15"	"CT229A"		
4	"4-C"	"TG15"	"CT229A"	"CT175"	"TG182"		
4	"4-D"	"CT175"	"TG182"	"TG182"	"CT157"		
4	"4-E"	"TG182"	"CT157"	"TG208"	"TG75A"		
4	"4-F"	"TG208"	"TG75A"	"CD55"	"TG519"		
4	"4-G"	"CD55"	"TG519"	"TG155"	"CT50"		
4	"4-H"	"TG155"	"CT50"	"CP57"	"CT173"		
4	"4-I"	"CP57"	"CT173"	"TG464"			
4	"IL4-1-1"		"GP180"	"GP180"	"GP180"		
4	"IL4-1"		"GP180"	"TG182"	"CT157"		
4	"IL4-2"	"TG15"	"CT229A"	"TG208"	"TG75A"		
4	"IL4-3-2"	"CT175"	"TG182"	"CD55"	"TG519"		
4	"IL4-3"	"CT175"	"TG182"	"CP57"	"CT173"		
4	"IL4-4"	"TG155"	"CT50"	"TG464"			
5	"5-A"		"TG623"	"CT89"	"CT53"		
5	"5-B"	"CT89"	"CT53"	"TG432"	"CT167"		
5	"5-C"	"TG432"	"CT167"	"TG96"	"CT155"		
5	"5-D"	"TG96"	"CT155"	"CT155"	"CT201A"		
5	"5-E"	"CT155"	"CT201A"	"TG23"	"TG351"		
5	"5-F"	"TG23"	"TG351"	"TG351"	"TG60"		
5	"5-G"	"TG351"	"TG60"	"CT80A"	"CD78"		
5	"5-H"	"CT80A"	"CD78"	"TG413A"	"CD74A"		
5	"5-I"	"TG413A"	"CD74A"	"TG238"			
5	"IL5-1"		"TG623"	"TG432"	"CT167"		
5	"IL5-2"	"CT89"	"CT53"	"CT155"	"CT201A"		
5	"IL5-3"	"TG96"	"CT155"	"TG351"	"TG60"		
5	"IL5-4"	"TG23"	"TG351"	"TG413A"	"CD74A"		
5	"IL5-5"	"CT80A"	"CD78"	"TG238"			
6	"6-A"		"TG297"	"TG590"	"TG352"		
6	"6-B"	"TG590"	"TG352"	"CT83"	"TG25"		
6	"6-C"	"CT83"	"TG25"	"TG177"	"TG365"		
6	"6-D"	"TG177"	"TG365"	"TG292"	"CT146"		
6	"6-E"	"TG292"	"CT146"	"TG279"	"TG548"		
6	"6-F"	"TG279"	"TG548"	"PC5"	"TG581"		
6	"6-G"	"PC5"	"TG581"	"TG221"			
6	"IL6-1"		"TG297"	"CT83"	"TG25"		
6	"IL6-2-2"	"TG590"	"TG352"	"TG177"	"TG365"		
6	"IL6-2"	"TG590"	"TG352"	"TG279"	"TG548"		
6	"IL6-3"	"TG292"	"CT146"	"TG221"			
6	"IL6-4"	"PC5"	"TG581"	"TG221"			
7	"7-A"		"CP52"	"TG418A"	"CT211B"		
7	"7-B"	"TG418A"	"CT211B"	"TG272A"	"TG61"		
7	"7-C"	"TG272A"	"TG61"	"TG61"	"CD54"		
7	"7-D"	"TG61"	"CD54"	"CT158"	"TG143"		
7	"7-E"	"CT158"	"TG143"	"CT84"	"TG572"		
7	"7-F"	"CT84"	"TG572"	"TG20A"	"TG199"		
7	"7-G"	"TG20A"	"TG199"	"TG199"	"TG438"		
7	"7-H"	"TG199"	"TG438"	"TG499"			
7	"IL7-5"	"TG418A"	"CT211B"	"TG61"	"CD54"		
7	"IL7-4-1"		"CP52"	"CT158"	"TG143"		
7	"IL7-4"		"CP52"	"CT84"	"TG572"		
7	"IL7-5-5"	"TG418A"	"CT211B"	"TG272A"	"TG61"		
7	"IL7-3"	"CT158"	"TG143"	"TG20A"	"TG199"		
7	"IL7-2"	"CT158"	"TG143"	"TG499"			
7	"IL7-1"	"TG199"	"TG438"	"TG499"			
8	"8-A"		"TG176"	"TG309"	"CT241"		
8	"8-B"	"TG309"	"CT241"	"CT92"	"CT228"		
8	"8-C"	"CT92"	"CT228"	"CT228"	"CT77"		
8	"8-D"	"CT228"	"CT77"	"TG624"	"CT69"		
8	"8-E"	"TG624"	"CT69"	"TG330"	"TG510"		
8	"8-F"	"TG330"	"TG510"	"CT148"	"CT28A"		
8	"8-G"	"CT148"	"CT28A"	"TG434"	"CT252"		
8	"8-H"	"TG434"	"CT252"	"CT68"			
8	"IL8-1-3"		"TG176"	"TG309"	"CT241"		
8	"IL8-1-1"		"TG176"	"CT92"	"CT228"		
8	"IL8-1"		"TG176"	"TG624"	"CT69"		
8	"IL8-2-1"	"CT228"	"CT77"	"TG330"	"TG510"		
8	"IL8-2"	"CT228"	"CT77"	"CT148"	"CT28A"		
8	"IL8-3"	"TG330"	"TG510"	"CT68"			
8	"IL8-3-1"	"TG434"	"CT252"	"CT68"			
9	"9-A"		"GP39"	"GP39"	"TG254"		
9	"9-B"	"GP39"	"TG254"	"TG9"	"CT143"		
9	"9-C"	"TG9"	"CT143"	"CT143"	"TG223A"		
9	"9-D"	"CT143"	"TG223A"	"CT32"	"CT32"		
9	"9-E"	"CT32"	"CT32"	"CD32A"	"TG591B"		
9	"9-F"	"CD32A"	"TG591B"	"CT208"	"TG390"		
9	"9-G"	"CT208"	"TG390"	"TG551"	"TG404"		
9	"9-H"	"TG551"	"TG404"	"TG186"	"TG348"		
9	"9-I"	"TG186"	"TG348"	"GP129"	"CT198"		
9	"9-J"	"GP129"	"CT198"	"GP101"	"CT112A"		
9	"9-K"	"GP101"	"CT112A"	"CT220"			
9	"IL9-1-2"		"GP39"	"TG9"	"CT143"		
9	"IL9-1"		"GP39"	"CD32A"	"TG591B"		
9	"IL9-1-3"	"GP39"	"TG254"	"CD32A"	"TG591B"		
9	"IL9-2"	"CT143"	"TG223A"	"TG186"			
9	"IL9-2-5"	"CT143"	"TG223A"	"CT32"	"CT32"		
9	"IL9-2-6"	"CT208"	"TG390"	"TG186"	"TG348"		
9	"IL9-3"	"TG551"	"TG404"	"CT220"			
9	"IL9-3-2"	"GP129"	"CT198"	"GP101"	"CT112A"		
9	"IL9-3-1"	"GP129"	"CT198"	"CT220"			
10	"10-A"		"TG230"	"TG303"	"TG540"		
10	"10-B"	"TG303"	"TG540"	"TG280"	"TG408"		
10	"10-C"	"TG280"	"TG408"	"TG408"	"CT112B"		
10	"10-D"	"TG408"	"CT112B"	"CD34B"	"PGAL"		
10	"10-E"	"CD34B"	"PGAL"	"CD72"	"CP49"		
10	"10-F"	"CD72"	"CP49"	"CT95"	"TG63"		
10	"10-G"	"CT95"	"TG63"	"TG233"			
10	"IL10-1-1"		"TG230"	"TG303"	"TG540"		
10	"IL10-1"		"TG230"	"TG408"	"CT112B"		
10	"IL10-2"	"TG280"	"TG408"	"CT95"	"TG63"		
10	"IL10-2-2"	"CD34B"	"PGAL"	"CD72"	"CP49"		
10	"IL10-3"	"CD72"	"CP49"	"TG233"			
11	"11-A"		"TG557"	"TG651"	"CT168"		
11	"11-B"	"TG651"	"CT168"	"TG523"	"CP58A"		
11	"11-C"	"TG523"	"CP58A"	"CP58A"	"TG384"		
11	"11-D"	"CP58A"	"TG384"	"TG400"	"TG562"		
11	"11-E"	"TG400"	"TG562"	"TG36"	"TG105A"		
11	"11-F"	"TG36"	"TG105A"	"TG105A"	"TG26"		
11	"11-G"	"TG105A"	"TG26"	"TG26"	"CT65"		
11	"11-H"	"TG26"	"CT65"	"TG393"			
11	"IL11-1"		"TG557"	"TG523"	"CP58A"		
11	"IL11-2"	"TG651"	"CT168"	"TG400"	"TG562"		
11	"IL11-3"	"CP58A"	"TG384"	"TG105A"	"TG26"		
11	"IL11-4"	"TG36"	"TG105A"	"TG393"			
11	"IL11-4-1"	"TG26"	"CT65"	"TG393"			
12	"12-A"		"TG180"	"CT19A"	"TG68"		
12	"12-B"	"CT19A"	"TG68"	"TG68"	"CT79"		
12	"12-C"	"TG68"	"CT79"	"CT79"	"CT211A"		
12	"12-D"	"CT79"	"CT211A"	"CT99"	"TG28B"		
12	"12-E"	"CT99"	"TG28B"	"TG111"	"TG367"		
12	"12-F"	"TG111"	"TG367"	"TG111"	"TG28A"		
12	"12-G"	"TG111"	"TG28A"	"CT80B"	"CT276"		
12	"12-H"	"CT80B"	"CT276"	"CT276"	"TG473"		
12	"12-I"	"CT276"	"TG473"	"CD2"			
12	"IL12-1"		"TG180"	"TG68"	"CT79"		
12	"IL12-1-1"		"TG180"	"CT19A"	"TG68"		
12	"IL12-2"		"TG180"	"TG111"	"TG367"		
12	"IL12-3"	"CT79"	"CT211A"	"CT80B"	"CT276"		
12	"IL12-3-1"	"CT79"	"CT211A"	"CT99"	"TG28B"		
12	"IL12-4"	"TG111"	"TG28A"	"CD2"			
12	"IL12-4-1"	"CT276"	"TG473"	"CD2"			
